cycle,start_time,status,task_template,worker_metadata,xrpl_tx_hash,xrpl_amount,internal_task_id,celo_tx_count,elapsed_seconds,errors
0,2026-03-22T15:58:04Z,completed,Short answer: What is agentic commerce in one phrase?,worker-2,CFCF1A8F311D20238FC03165875A3DF6B8E11D8E3509B1E9068888B434C5DBA4,800000,162,9,75.27,
1,2026-03-22T16:13:03Z,completed,Classify: Is sustainable compute usage beneficial? Answer yes or no.,worker-3,1DD78FCEE3CFB59D1B2A59B08F6F7F2B03E128BF3848218F6462C047A98EB4D4,800000,164,9,68.8,
2,2026-03-22T16:28:03Z,completed,Summarize in one sentence: What is one ethical use of AI?,worker-4,A4B76F12A868F0663804A7A7039A8BA88D98A21434A9B3DAB7A4FCDFA6E69878,1000000,166,9,63.86,
3,2026-03-22T16:43:03Z,completed,Classify: Is sustainable compute usage beneficial? Answer yes or no.,worker-5,BDF868AFD600A64BEA65B6F87A492E84C0939A5B0F662B7091CFC1E72EEEFB49,800000,168,9,67.77,
4,2026-03-22T16:58:03Z,completed,Classify: Is sustainable compute usage beneficial? Answer yes or no.,worker-2,80404629EBC470F1C39558F32235CA7892F366F5CD8B5D6E390DAFCC50509E77,800000,170,9,80.01,
5,2026-03-22T17:13:03Z,completed,Extract the main compliance risk from: sharing customer PII with a third-party A,worker-3,070F7A1FF4874F7987D84345A25757FF31A7792694187162F8B246CD13FBAEF2,1000000,172,9,65.62,
6,2026-03-22T17:28:03Z,completed,Summarize in one sentence: What is one ethical use of AI?,worker-4,CD2A19FEBDB5A7F23467D98F43D0CD1ECAF3DFDE8397D08924A05D372CB2F1AC,1000000,174,9,72.91,
7,2026-03-22T17:43:03Z,completed,Extract the main compliance risk from: sharing customer PII with a third-party A,worker-5,F0C38C17CD938120C5ED64CD46E1B5AE3E092AC3A1E75E5EEB6FF62842B2125B,1000000,176,9,65.41,
8,2026-03-22T17:58:03Z,completed,Classify: Is sustainable compute usage beneficial? Answer yes or no.,worker-2,7B58D1ED3E5166F35D96122FBA84107FB71F5DF78F9AEB3CD69C13DF78D9A89D,800000,178,9,71.94,
9,2026-03-22T18:13:03Z,completed,Short answer: What is agentic commerce in one phrase?,worker-3,583C1D919C324FC2393542307952C4DB994A5661A20EACEADB175C2C47AF4343,800000,180,9,67.92,
10,2026-03-22T18:28:03Z,completed,Summarize in one sentence: What is one ethical use of AI?,worker-4,17FB100A738BB288243A929B200B45401FACA8DE1867491F57AA997B38A0C0D1,1000000,182,9,64.55,
11,2026-03-22T18:43:03Z,completed,Short answer: What is agentic commerce in one phrase?,worker-5,FE2FFDEEDF065A66B68C57BD09BD4A6860E066E078A5EB01B86E6AED9D90415B,800000,184,9,66.64,
12,2026-03-22T18:58:03Z,completed,Short answer: What is agentic commerce in one phrase?,worker-2,3E16D44054D33F868BF713DE8589F4059E70C5BDC33DA5AA965273497CDD35ED,800000,186,9,66.83,
13,2026-03-22T19:13:03Z,completed,Extract the main compliance risk from: sharing customer PII with a third-party A,worker-3,C071102A8338D4DD0CBF3A2F2C19B24EC510227FE83140BC7B5DCED7AAD21C11,1000000,188,9,67.61,
14,2026-03-22T19:28:02Z,completed,Summarize in one sentence: What is one ethical use of AI?,worker-4,16CF6BB365DEAD37C5A0E89DC67006737A9D3691CEEB4B8FFDDBA72B2861D62D,1000000,190,9,69.62,
15,2026-03-22T19:43:02Z,completed,Classify: Is sustainable compute usage beneficial? Answer yes or no.,worker-5,93C3C63ADA33BD8DDD7E5D4A5BC337B375670FFE2073B61A8D1E13FF1915473C,800000,192,9,72.7,
16,2026-03-22T19:58:02Z,completed,Extract the main compliance risk from: sharing customer PII with a third-party A,worker-2,AAB1559C291D35E06C1F83394E62A855170E29F9CDDA75849E220736D5685686,1000000,194,9,62.52,
17,2026-03-22T20:13:02Z,completed,Short answer: What is agentic commerce in one phrase?,worker-3,BC63D3A47FB52373B4A85527B88AADE4864E3575781B23BF1684B3C259B9A9A3,800000,196,9,77.69,
18,2026-03-22T20:28:02Z,completed,Classify: Is sustainable compute usage beneficial? Answer yes or no.,worker-4,241EE6F942E3D39072DF56F1A5F5FFCB7B07B349CEEB83184533009EF6AA5298,800000,198,8,65.74,unknown
19,2026-03-22T20:43:02Z,completed,Summarize in one sentence: What is one ethical use of AI?,worker-5,BA68A7AB8D4BE44753C19FEC115F0C162013493AF2A5BF8DC13DE446ED6BB9A3,1000000,200,9,84.48,unknown
20,2026-03-22T20:58:02Z,completed,Classify: Is sustainable compute usage beneficial? Answer yes or no.,worker-2,316222AEDAEDC1771D492B606EB4E16529D0BD6DB7A84BCF3844B13624EB9EA0,800000,202,9,60.38,
21,2026-03-22T21:13:02Z,completed,Classify: Is sustainable compute usage beneficial? Answer yes or no.,worker-3,D986AF0F13F42B821DC0CD375644CD64D2370719BC67F8E30300F2128DFA9DE1,800000,204,9,84.58,unknown
22,2026-03-22T21:28:02Z,completed,Classify: Is sustainable compute usage beneficial? Answer yes or no.,worker-4,EC2032A17367F956946F34F7D6886214E6A91DB9779FC8415B4E6A1E90707C61,800000,206,9,70.71,
23,2026-03-22T21:43:02Z,completed,Extract the main compliance risk from: sharing customer PII with a third-party A,worker-5,ABE5655D691FC8454AF10DA239FD486BC45FE877319DD938B691918C2A378ECC,1000000,208,9,70.73,
